{
	"pattrstorage" : 	{
		"name" : "main",
		"slots" : 		{
			"1" : 			{
				"id" : 1,
				"name" : "3 mod - flat",
				"data" : 				{
					"cut_frequencies" : [ 0.0, 0.0, 0.0 ],
					"global-env" : [ 1000.0, 0.0, 1.0, 0.0, 1.0, 0, 0.0, 50.0, 1.0, 0, 0.0, 100.0, 1.0, 0, 0.0, 150.0, 1.0, 0, 0.0, 200.0, 1.0, 0, 0.0, 250.0, 1.0, 0, 0.0, 300.0, 1.0, 0, 0.0, 350.0, 1.0, 0, 0.0, 400.0, 1.0, 0, 0.0, 450.0, 1.0, 0, 0.0, 500.0, 1.0, 0, 0.0, 550.0, 1.0, 0, 0.0, 600.0, 1.0, 0, 0.0, 650.0, 1.0, 0, 0.0, 700.0, 1.0, 0, 0.0, 750.0, 1.0, 0, 0.0, 800.0, 1.0, 0, 0.0, 850.0, 1.0, 0, 0.0, 900.0, 1.0, 0, 0.0, 950.0, 1.0, 0, 0.0, 1000.0, 1.0, 0, 0.0, "curve" ],
					"global-env-dur" : [  ],
					"live.numbox" : [  ],
					"live.numbox[1]" : [  ],
					"live.text" : [  ],
					"live.text[1]" : [  ],
					"live.text[2]" : [  ],
					"live.text[3]" : [  ],
					"live.text[4]" : [  ],
					"live.text[5]" : [  ],
					"noise_amp" : [ 0.0 ],
					"noise_smooth" : [ 0 ],
					"num-sub" : [ 3 ],
					"sub-interp-time" : [  ],
					"sub-scale-factors" : [ 0.654545, 0.3, 0.445455 ],
					"textbutton" : [  ],
					"AudioMix::active" : [  ],
					"AudioMix::gain" : [  ],
					"AudioMix::pan" : [  ],
					"AudioMix::solo" : [  ],
					"AudioMix[1]::active" : [  ],
					"AudioMix[1]::gain" : [  ],
					"AudioMix[1]::pan" : [  ],
					"AudioMix[1]::solo" : [  ],
					"AudioXfaderIn::A" : [  ],
					"AudioXfaderIn::B" : [  ],
					"AudioXfaderIn::fade" : [  ],
					"AudioMix[2]::active" : [  ],
					"AudioMix[2]::gain" : [  ],
					"AudioMix[2]::pan" : [  ],
					"AudioMix[2]::solo" : [  ],
					"AudioMix[3]::active" : [  ],
					"AudioMix[3]::gain" : [  ],
					"AudioMix[3]::pan" : [  ],
					"AudioMix[3]::solo" : [  ],
					"AudioOutput[1]::output" : [  ],
					"AudioRecord[1]::file" : [  ],
					"AudioRecord[1]::gain" : [  ],
					"AudioRecord[1]::rec" : [  ],
					"mo.latch::rate" : [  ]
				}

			}
,
			"2" : 			{
				"id" : 2,
				"name" : "3 mod - var",
				"data" : 				{
					"cut_frequencies" : [ 954.54547100000002, 2115.107913669064601, 654.54547100000002 ],
					"global-env" : [ 1000.0, 0.0, 1.0, 0.0, 0.0, 0, 0.0, 76.237623999999997, 1.0, 0, -0.55, 150.0, 0.0, 0, 0.6, 179.207920999999999, 0.901141, 0, 0.0, 218.811881, 1.0, 0, 0.0, 250.0, 1.0, 0, 0.0, 307.920792000000006, 0.361217, 0, -0.3, 337.623761999999999, 1.0, 0, 0.0, 408.910890999999992, 0.787072, 0, -0.3, 450.0, 1.0, 0, 0.4, 500.0, 1.0, 0, 0.0, 550.0, 1.0, 0, 0.0, 606.930693000000019, 0.627376, 0, -0.45, 650.0, 1.0, 0, 0.85, 700.0, 1.0, 0, 0.0, 747.524752000000035, 0.749049, 0, 0.55, 791.089109000000008, 1.0, 0, -0.5, 850.0, 1.0, 0, 0.0, 901.980197999999973, 0.604563, 0, 0.7, 950.0, 1.0, 0, 0.0, 1000.0, 1.0, 0, 0.0, "curve" ],
					"global-env-dur" : [  ],
					"live.numbox" : [  ],
					"live.numbox[1]" : [  ],
					"live.text" : [  ],
					"live.text[1]" : [  ],
					"live.text[2]" : [  ],
					"live.text[3]" : [  ],
					"live.text[4]" : [  ],
					"live.text[5]" : [  ],
					"noise_amp" : [ 0.0 ],
					"noise_smooth" : [ 0 ],
					"num-sub" : [ 3 ],
					"sub-interp-time" : [  ],
					"sub-scale-factors" : [ 0.690909, 0.654545, 0.890909 ],
					"textbutton" : [  ],
					"AudioMix::active" : [  ],
					"AudioMix::gain" : [  ],
					"AudioMix::pan" : [  ],
					"AudioMix::solo" : [  ],
					"AudioMix[1]::active" : [  ],
					"AudioMix[1]::gain" : [  ],
					"AudioMix[1]::pan" : [  ],
					"AudioMix[1]::solo" : [  ],
					"AudioXfaderIn::A" : [  ],
					"AudioXfaderIn::B" : [  ],
					"AudioXfaderIn::fade" : [  ],
					"AudioMix[2]::active" : [  ],
					"AudioMix[2]::gain" : [  ],
					"AudioMix[2]::pan" : [  ],
					"AudioMix[2]::solo" : [  ],
					"AudioMix[3]::active" : [  ],
					"AudioMix[3]::gain" : [  ],
					"AudioMix[3]::pan" : [  ],
					"AudioMix[3]::solo" : [  ],
					"AudioOutput[1]::output" : [  ],
					"AudioRecord[1]::file" : [  ],
					"AudioRecord[1]::gain" : [  ],
					"AudioRecord[1]::rec" : [  ],
					"mo.latch::rate" : [  ]
				}

			}
,
			"3" : 			{
				"id" : 3,
				"name" : "asd",
				"data" : 				{
					"cut_frequencies" : [ 954.54547100000002, 1418.181763000000046, 654.54547100000002 ],
					"global-env" : [ 1000.0, 0.0, 1.0, 0.0, 0.0, 0, 0.0, 76.237623999999997, 1.0, 0, -0.55, 150.0, 0.0, 0, 0.6, 179.207920999999999, 0.901141, 0, 0.0, 218.811881, 1.0, 0, 0.0, 250.0, 1.0, 0, 0.0, 307.920792000000006, 0.361217, 0, -0.3, 337.623761999999999, 1.0, 0, 0.0, 408.910890999999992, 0.787072, 0, -0.3, 450.0, 1.0, 0, 0.4, 500.0, 1.0, 0, 0.0, 550.0, 1.0, 0, 0.0, 606.930693000000019, 0.627376, 0, -0.45, 650.0, 1.0, 0, 0.85, 700.0, 1.0, 0, 0.0, 747.524752000000035, 0.749049, 0, 0.55, 791.089109000000008, 1.0, 0, -0.5, 850.0, 1.0, 0, 0.0, 901.980197999999973, 0.604563, 0, 0.7, 950.0, 1.0, 0, 0.0, 1000.0, 1.0, 0, 0.0, "curve" ],
					"global-env-dur" : [  ],
					"live.numbox" : [  ],
					"live.numbox[1]" : [  ],
					"live.text" : [  ],
					"live.text[1]" : [  ],
					"live.text[2]" : [  ],
					"live.text[3]" : [  ],
					"live.text[4]" : [  ],
					"live.text[5]" : [  ],
					"noise_amp" : [ 29.0 ],
					"noise_smooth" : [ 0 ],
					"num-sub" : [ 3 ],
					"sub-interp-time" : [  ],
					"sub-scale-factors" : [ 0.690909, 0.654545, 0.890909 ],
					"textbutton" : [  ],
					"AudioMix::active" : [  ],
					"AudioMix::gain" : [  ],
					"AudioMix::pan" : [  ],
					"AudioMix::solo" : [  ],
					"AudioMix[1]::active" : [  ],
					"AudioMix[1]::gain" : [  ],
					"AudioMix[1]::pan" : [  ],
					"AudioMix[1]::solo" : [  ],
					"AudioXfaderIn::A" : [  ],
					"AudioXfaderIn::B" : [  ],
					"AudioXfaderIn::fade" : [  ],
					"AudioMix[2]::active" : [  ],
					"AudioMix[2]::gain" : [  ],
					"AudioMix[2]::pan" : [  ],
					"AudioMix[2]::solo" : [  ],
					"AudioMix[3]::active" : [  ],
					"AudioMix[3]::gain" : [  ],
					"AudioMix[3]::pan" : [  ],
					"AudioMix[3]::solo" : [  ],
					"AudioOutput[1]::output" : [  ],
					"AudioRecord[1]::file" : [  ],
					"AudioRecord[1]::gain" : [  ],
					"AudioRecord[1]::rec" : [  ],
					"mo.latch::rate" : [  ]
				}

			}
,
			"4" : 			{
				"id" : 4,
				"name" : "add",
				"data" : 				{
					"cut_frequencies" : [ 1241.648336108640024, 1241.648336108640024, 1284.813803734539306, 1306.396537547488833, 1313.590782151805342, 1320.785026756121852, 1327.979271360438588, 1327.979271360438588, 1327.979271360438588, 1176.900134669790987, 788.410926036697447, 2881.93610589281252 ],
					"global-env" : [ 1000.0, 0.0, 1.0, 0.0, 1.0, 0, 0.0, 50.0, 1.0, 0, 0.0, 100.0, 1.0, 0, 0.0, 150.0, 1.0, 0, 0.0, 200.0, 1.0, 0, 0.0, 250.0, 1.0, 0, 0.0, 300.0, 1.0, 0, 0.0, 350.0, 1.0, 0, 0.0, 400.0, 1.0, 0, 0.0, 450.0, 1.0, 0, 0.0, 500.0, 1.0, 0, 0.0, 550.0, 1.0, 0, 0.0, 600.0, 1.0, 0, 0.0, 650.0, 1.0, 0, 0.0, 700.0, 1.0, 0, 0.0, 750.0, 1.0, 0, 0.0, 800.0, 1.0, 0, 0.0, 850.0, 1.0, 0, 0.0, 900.0, 1.0, 0, 0.0, 950.0, 1.0, 0, 0.0, 1000.0, 1.0, 0, 0.0, "curve" ],
					"global-env-dur" : [ 0 ],
					"live.numbox" : [ 0.0 ],
					"live.numbox[1]" : [ 0.0 ],
					"live.text" : [ 0.0 ],
					"live.text[1]" : [ 0.0 ],
					"live.text[2]" : [ 0.0 ],
					"live.text[3]" : [ 0.0 ],
					"live.text[4]" : [ 0.0 ],
					"live.text[5]" : [ 0.0 ],
					"noise_amp" : [ 0.0 ],
					"noise_smooth" : [ 0 ],
					"num-sub" : [ 12 ],
					"sub-interp-time" : [ 0 ],
					"sub-scale-factors" : [ 0.654545, 0.0, 0.0, 0.0, 0.0, 0.0, 0.0, 0.0, 0.0, 0.0, 0.0, 0.0 ],
					"textbutton" : [ 1 ],
					"AudioMix::active" : [ 1.0 ],
					"AudioMix::gain" : [ 0.0 ],
					"AudioMix::pan" : [ 0.0 ],
					"AudioMix::solo" : [ 0.0 ],
					"AudioMix[1]::active" : [ 1.0 ],
					"AudioMix[1]::gain" : [ 0.0 ],
					"AudioMix[1]::pan" : [ 0.0 ],
					"AudioMix[1]::solo" : [ 0.0 ],
					"AudioXfaderIn::A" : [ 0.0 ],
					"AudioXfaderIn::B" : [ 0.0 ],
					"AudioXfaderIn::fade" : [ 3.999999999999979 ],
					"AudioMix[2]::active" : [ 1.0 ],
					"AudioMix[2]::gain" : [ 0.0 ],
					"AudioMix[2]::pan" : [ 0.0 ],
					"AudioMix[2]::solo" : [ 0.0 ],
					"AudioMix[3]::active" : [ 1.0 ],
					"AudioMix[3]::gain" : [ 0.0 ],