{
	"pattrstorage" : 	{
		"name" : "main",
		"slots" : 		{
			"1" : 			{
				"id" : 1,
				"name" : "3 mod - flat",
				"data" : 				{
					"cut_frequencies" : [ 0.0, 0.0, 0.0 ],
					"dir vol" : [ 0.0 ],
					"global-env" : [ 1000.0, 0.0, 1.0, 0.0, 1.0, 0, 0.0, 50.0, 1.0, 0, 0.0, 100.0, 1.0, 0, 0.0, 150.0, 1.0, 0, 0.0, 200.0, 1.0, 0, 0.0, 250.0, 1.0, 0, 0.0, 300.0, 1.0, 0, 0.0, 350.0, 1.0, 0, 0.0, 400.0, 1.0, 0, 0.0, 450.0, 1.0, 0, 0.0, 500.0, 1.0, 0, 0.0, 550.0, 1.0, 0, 0.0, 600.0, 1.0, 0, 0.0, 650.0, 1.0, 0, 0.0, 700.0, 1.0, 0, 0.0, 750.0, 1.0, 0, 0.0, 800.0, 1.0, 0, 0.0, 850.0, 1.0, 0, 0.0, 900.0, 1.0, 0, 0.0, 950.0, 1.0, 0, 0.0, 1000.0, 1.0, 0, 0.0, "curve" ],
					"mod vol" : [ 0.0 ],
					"noise_amp" : [ 0.0 ],
					"noise_smooth" : [ 0 ],
					"num-sub" : [ 3 ],
					"sub-scale-factors" : [ 0.654545, 0.3, 0.445455 ]
				}

			}
,
			"2" : 			{
				"id" : 2,
				"name" : "3 mod - var",
				"data" : 				{
					"cut_frequencies" : [ 954.54547100000002, 2115.107913669064601, 654.54547100000002 ],
					"dir vol" : [ 0.0 ],
					"global-env" : [ 1000.0, 0.0, 1.0, 0.0, 0.0, 0, 0.0, 76.237623999999997, 1.0, 0, -0.55, 150.0, 0.0, 0, 0.6, 179.207920999999999, 0.901141, 0, 0.0, 218.811881, 1.0, 0, 0.0, 250.0, 1.0, 0, 0.0, 307.920792000000006, 0.361217, 0, -0.3, 337.623761999999999, 1.0, 0, 0.0, 408.910890999999992, 0.787072, 0, -0.3, 450.0, 1.0, 0, 0.4, 500.0, 1.0, 0, 0.0, 550.0, 1.0, 0, 0.0, 606.930693000000019, 0.627376, 0, -0.45, 650.0, 1.0, 0, 0.85, 700.0, 1.0, 0, 0.0, 747.524752000000035, 0.749049, 0, 0.55, 791.089109000000008, 1.0, 0, -0.5, 850.0, 1.0, 0, 0.0, 901.980197999999973, 0.604563, 0, 0.7, 950.0, 1.0, 0, 0.0, 1000.0, 1.0, 0, 0.0, "curve" ],
					"mod vol" : [ -3.590551 ],
					"noise_amp" : [ 0.0 ],
					"noise_smooth" : [ 0 ],
					"num-sub" : [ 3 ],
					"sub-scale-factors" : [ 0.690909, 0.654545, 0.890909 ]
				}

			}
,
			"3" : 			{
				"id" : 3,
				"name" : "asd",
				"data" : 				{
					"cut_frequencies" : [ 954.54547100000002, 1418.181763000000046, 654.54547100000002 ],
					"dir vol" : [ 0.0 ],
					"global-env" : [ 1000.0, 0.0, 1.0, 0.0, 0.0, 0, 0.0, 76.237623999999997, 1.0, 0, -0.55, 150.0, 0.0, 0, 0.6, 179.207920999999999, 0.901141, 0, 0.0, 218.811881, 1.0, 0, 0.0, 250.0, 1.0, 0, 0.0, 307.920792000000006, 0.361217, 0, -0.3, 337.623761999999999, 1.0, 0, 0.0, 408.910890999999992, 0.787072, 0, -0.3, 450.0, 1.0, 0, 0.4, 500.0, 1.0, 0, 0.0, 550.0, 1.0, 0, 0.0, 606.930693000000019, 0.627376, 0, -0.45, 650.0, 1.0, 0, 0.85, 700.0, 1.0, 0, 0.0, 747.524752000000035, 0.749049, 0, 0.55, 791.089109000000008, 1.0, 0, -0.5, 850.0, 1.0, 0, 0.0, 901.980197999999973, 0.604563, 0, 0.7, 950.0, 1.0, 0, 0.0, 1000.0, 1.0, 0, 0.0, "curve" ],
					"mod vol" : [ -3.590551 ],
					"noise_amp" : [ 29.0 ],
					"noise_smooth" : [ 0 ],
					"num-sub" : [ 3 ],
					"sub-scale-factors" : [ 0.690909, 0.654545, 0.890909 ]
				}

			}

		}

	}

}
